R2,RMSE,MAE,C,kernel
0.9875569980867954, 23.129310909614333, 14.09128621575108,10, 1
0.9875569980867954, 23.129310909614333, 14.09128621575108,10, 1
0.9875569980867954, 23.129310909614333, 14.09128621575108,10, 1
0.9875569980867954, 23.129310909614333, 14.09128621575108,10, 1
0.9875569980867954, 23.129310909614333, 14.09128621575108,10, 1
